{
  "created_at": "2025-08-12T01:52:54.068282",
  "benchmark_name": "ai_inference_performance",
  "benchmark_type": "ai_inference_benchmark",
  "statistics": {
    "latency": {
      "count": 2,
      "mean": 87.14653671039306,
      "median": 87.14653671039306,
      "min": 84.64625716712403,
      "max": 89.64681625366211,
      "std_dev": 3.535929239815081,
      "p95": 89.64681625366211,
      "p99": 89.64681625366211
    },
    "throughput": {
      "count": 1,
      "mean": 11.813503314352738,
      "median": 11.813503314352738,
      "min": 11.813503314352738,
      "max": 11.813503314352738,
      "std_dev": 0.0,
      "p95": 11.813503314352738,
      "p99": 11.813503314352738
    }
  },
  "performance_score": 50.0
}