{
  "created_at": "2025-08-12T01:52:54.066851",
  "benchmark_name": "cpu_performance",
  "benchmark_type": "cpu_benchmark",
  "statistics": {
    "throughput": {
      "count": 2,
      "mean": 326722.4794083822,
      "median": 326722.4794083822,
      "min": 325054.6757016111,
      "max": 328390.2831151534,
      "std_dev": 2358.630621491868,
      "p95": 328390.2831151534,
      "p99": 328390.2831151534
    },
    "cpu_utilization": {
      "count": 2,
      "mean": 4.9,
      "median": 4.9,
      "min": 2.0,
      "max": 7.8,
      "std_dev": 4.1012193308819755,
      "p95": 7.8,
      "p99": 7.8
    }
  },
  "performance_score": 55.0
}