{
  "created_at": "2025-08-12T01:52:54.067967",
  "benchmark_name": "memory_performance",
  "benchmark_type": "memory_benchmark",
  "statistics": {
    "throughput": {
      "count": 2,
      "mean": 3481.1773154826124,
      "median": 3481.1773154826124,
      "min": 3453.7650037258486,
      "max": 3508.5896272393757,
      "std_dev": 38.76686306241442,
      "p95": 3508.5896272393757,
      "p99": 3508.5896272393757
    },
    "memory_utilization": {
      "count": 2,
      "mean": 40.5,
      "median": 40.5,
      "min": 40.2,
      "max": 40.8,
      "std_dev": 0.4242640687119245,
      "p95": 40.8,
      "p99": 40.8
    }
  },
  "performance_score": 55.0
}